,seoul,busan,incheon
0,-0.10426082852366764,-0.22376457114767453,2.1362445611935255
1,1.1438096553027648,-1.089945865452753,1.5810492518102974
2,0.1950467152197654,-0.2503786607564196,0.7876113769343835
3,2.392348370719751,-0.8444297139948831,0.3857281186672987
